symbol,last_close,avg_dollar_volume_20d
NVDA,222.32,32840153639.0
MU,681.54,31200668717.0
TSLA,409.99,23874196724.0
SNDK,1333.01,19372374665.0
AMD,420.99,17412956957.0
INTC,108.17,16048019331.0
MSFT,423.54,14480616510.0
AAPL,297.84,13643878388.0
AMZN,264.86,12053768237.0
GOOGL,396.94,10599662084.0
META,611.21,9959378801.0
AVGO,420.71,8082043820.0
GOOG,393.11,7024733272.0
PLTR,135.14,6159654355.0
LITE,884.98,5807047357.0
QCOM,203.64,5627253662.0
ORCL,186.61,4684668999.0
MRVL,168.93,4230365546.0
WDC,458.68,3677969531.0
STX,740.84,3437529937.0
CRWV,103.77,3412716622.0
LLY,988.09,3274640729.0
NFLX,89.65,3252644215.0
NBIS,199.86,3183118716.0
UNH,391.13,3157436535.0
AMAT,413.57,3124267406.0
MSTR,166.63,3022087627.0
GEV,1012.25,2944687215.0
IREN,50.46,2839718383.0
BE,258.71,2765850405.0
NOW,103.42,2753443046.0
RKLB,131.16,2675205160.0
GLW,178.55,2671054648.0
LRCX,277.96,2649914963.0
XOM,160.49,2548178329.0
TXN,300.6,2531395994.0
CSCO,118.88,2473351091.0
V,332.64,2397020588.0
JPM,300.73,2358941905.0
COHR,362.83,2325366151.0
APP,492.38,2245355025.0
CAT,863.95,2225693333.0
CRM,179.48,2183037990.0
HOOD,77.15,2167213799.0
WMT,133.34,2099100564.0
COIN,189.44,2063028109.0
AAOI,173.26,2046237277.0
CRCL,111.39,2020306698.0
VRT,339.73,1989871116.0
GE,285.99,1981469441.0
KLAC,1756.45,1940709623.0
MA,505.79,1919203631.0
ANET,141.71,1872482519.0
CVX,196.12,1814025705.0
COST,1076.47,1797726915.0
JNJ,228.92,1769864722.0
BA,220.61,1682974329.0
IBM,222.75,1670150282.0
GS,946.36,1631768583.0
BAC,50.69,1622225836.0
IONQ,49.31,1612749780.0
TER,321.05,1525989361.0
PANW,247.55,1518847006.0
ASTS,86.83,1511709883.0
CRWD,618.83,1483795507.0
SHOP,102.39,1464076613.0
HD,299.81,1459171172.0
APH,121.72,1445431450.0
ON,109.43,1428238120.0
ADI,418.58,1422076030.0
DELL,238.03,1385793203.0
C,122.41,1380895780.0
WFC,74.37,1355862706.0
ABBV,209.41,1354708949.0
UBER,75.08,1309712001.0
BKNG,155.07,1280660732.0
PG,142.39,1275858436.0
ADBE,255.64,1247197265.0
CAR,146.28,1243966314.0
ALAB,215.58,1230615755.0
ETN,381.87,1221898525.0
NXPI,291.68,1209800617.0
TMUS,190.65,1206465526.0
ABT,87.91,1205777022.0
SMCI,30.85,1199469169.0
MCD,282.47,1185272010.0
BSX,55.92,1173199652.0
AXTI,105.88,1168451608.0
TMO,442.0,1163541979.0
MELI,1585.91,1135137020.0
KO,81.2,1132349192.0
DDOG,208.82,1131074858.0
SOFI,15.71,1130185934.0
CRDO,156.27,1130073478.0
MCHP,92.76,1129581511.0
OKLO,58.56,1127305185.0
RTX,175.95,1123380049.0
SPOT,445.01,1107978719.0
ISRG,439.92,1096595529.0
AXP,312.24,1089245181.0
VZ,46.76,1085026976.0
CIEN,524.53,1083486997.0
MPWR,1486.33,1062490960.0
SNOW,164.24,1049883929.0
ACN,177.55,1025693920.0
INTU,403.16,1011427585.0
COP,124.54,1009760819.0
FCX,60.5,1007803909.0
PFE,25.33,1002910674.0
NET,201.75,1001447043.0
LIN,510.86,992536613.0
DHR,163.86,987928049.0
NEE,89.04,986306754.0
CEG,262.0,975987321.0
MRK,112.56,973645146.0
SCHW,92.39,948645315.0
MCK,775.97,946629673.0
CLS,342.67,945186136.0
DIS,103.91,937666051.0
MS,192.69,934746698.0
CMCSA,24.93,928031779.0
T,24.43,926630988.0
AZO,3365.74,926291436.0
APLD,39.14,923777171.0
PWR,723.03,906374163.0
AMGN,324.39,898240630.0
HON,217.23,893806256.0
POET,14.21,891422994.0
CVNA,66.02,890829404.0
PM,191.5,886913476.0
PEP,149.06,874054944.0
CDNS,345.99,867561674.0
LMT,528.31,857531193.0
SYK,313.22,848528036.0
COF,187.17,843114994.0
RDDT,159.11,841234375.0
NKE,42.57,840153550.0
NEM,109.85,835881829.0
GILD,129.67,830590431.0
F,13.03,823659902.0
FIX,1854.43,819815448.0
DASH,162.67,818447431.0
SBUX,106.6,815184199.0
UNP,275.13,813619908.0
SNPS,498.43,799660829.0
SPGI,417.41,794488473.0
HIMS,22.29,791993946.0
FLEX,129.73,790635537.0
EBAY,114.43,788077553.0
BMNR,18.73,787847403.0
MDT,77.32,785217103.0
NVTS,19.67,780066490.0
VST,136.75,777934860.0
TJX,150.25,768499599.0
AKAM,150.77,767986142.0
CVS,95.99,764656248.0
CCL,24.91,750082255.0
ZTS,77.72,739807446.0
TEAM,89.44,726949560.0
DVN,49.68,726540866.0
PH,858.43,725316720.0
VEEV,163.85,721511362.0
STM,60.96,711293041.0
SLB,57.15,710728952.0
VLO,258.52,710178771.0
CHTR,141.21,710041364.0
TEL,200.51,708079945.0
PYPL,44.38,702536424.0
RCL,252.59,700408981.0
OXY,59.7,700253406.0
MO,73.72,698878806.0
ELV,394.07,698818274.0
RBLX,46.98,696659919.0
CME,305.12,676851050.0
BX,117.04,672861936.0
SATS,136.45,671867426.0
REGN,629.68,666385085.0
WULF,21.14,664084572.0
HWM,256.99,662594755.0
UPS,95.53,657591843.0
ADP,222.94,651451732.0
SHW,302.78,640953614.0
TT,460.42,640139407.0
COR,261.87,639688237.0
WELL,212.61,639444017.0
MMM,152.53,639357046.0
AAL,12.36,635574704.0
TSEM,248.07,621284646.0
EQIX,1062.62,619244188.0
FTNT,126.5,619015461.0
NU,12.29,618900386.0
FN,700.26,600441314.0
CMI,677.87,599360034.0
LOW,218.02,598503035.0
BMY,57.31,597784714.0
LNG,247.74,596003636.0
FDX,369.72,593542236.0
UAL,92.55,590672711.0
CMG,33.75,589058291.0
URI,944.57,587906249.0
HCA,422.79,586913207.0
CSX,46.2,586575756.0
TGT,123.4,580115205.0
QBTS,19.06,572992873.0
WDAY,128.88,569238999.0
MPC,259.53,561883934.0
B,40.6,558634846.0
HLT,318.14,558519296.0
BLK,1085.88,557595417.0
TWLO,197.68,553414206.0
BKR,66.2,551550691.0
DE,564.49,549801616.0
MARA,12.18,548605306.0
MXL,87.46,547081936.0
ORLY,91.74,546565818.0
DOCN,147.43,545883637.0
AEP,127.68,540016634.0
GM,73.1,539676165.0
FSLR,233.64,538805194.0
ROST,211.08,537052039.0
ABNB,134.3,532218943.0
HUM,306.0,531257848.0
CIFR,19.12,531221060.0
CB,330.33,528762457.0
GD,343.11,523287359.0
CRH,103.39,518884634.0
AMT,177.28,518449799.0
CI,286.69,514314267.0
RGTI,16.62,511133141.0
DAL,70.24,509366563.0
LHX,311.16,508749100.0
TDG,1182.35,505861392.0
SO,93.71,502851781.0
BDX,142.35,501738157.0
MCO,443.41,499775870.0
ZM,98.87,497357082.0
MSI,410.27,494406382.0
STRL,770.76,493843722.0
HUT,96.2,492839751.0
EOG,142.99,491961996.0
PGR,204.0,491766419.0
VRTX,436.58,491092511.0
NOC,550.0,491049075.0
ENTG,127.21,490833808.0
LULU,120.26,489297975.0
MAR,359.18,488147513.0
USAR,21.27,487317676.0
CAH,199.77,486758118.0
JCI,137.31,485905320.0
ICE,155.99,484844354.0
TSCO,31.72,482831575.0
MRSH,165.98,480898717.0
WMB,77.69,480699947.0
FANG,205.62,477757809.0
ETR,109.58,477672983.0
KKR,95.97,476251882.0
WM,222.73,475335341.0
BK,136.58,473631309.0
USB,53.45,473548117.0
AXON,399.37,472713122.0
HPE,33.0,471925116.0
WOLF,59.35,471368392.0
MDLZ,61.64,470403711.0
APO,134.07,470366902.0
MTSI,356.25,467033143.0
HAL,42.78,466366758.0
CNQ,48.95,462336058.0
AON,326.57,462245198.0
VTR,88.14,460699374.0
CL,89.92,458737215.0
WBD,27.1,454028150.0
PLD,142.31,453084342.0
KMB,96.54,452439099.0
MDB,330.0,452163771.0
DOW,38.56,450439151.0
AEM,179.21,444251557.0
TTD,22.27,442094254.0
CPNG,15.7,441712333.0
KEYS,340.48,441689017.0
JBL,338.73,440951457.0
MP,56.67,438141411.0
MNST,88.54,437755061.0
PSX,179.8,435785079.0
ZS,174.69,435686516.0
SMR,10.48,435259264.0
DLR,188.5,434796383.0
INSM,107.15,434352134.0
EW,82.39,434249275.0
FICO,1181.82,431849873.0
ODFL,204.13,430072410.0
FIG,24.36,430003671.0
BLD,406.29,429712984.0
LYB,74.13,429004049.0
ADSK,243.49,425509545.0
RIVN,13.35,425291860.0
EQT,57.45,424903274.0
MTZ,385.58,424820206.0
D,67.56,421925047.0
LYV,167.49,420713552.0
XEL,78.1,420091416.0
ROP,331.01,417819260.0
RVMD,144.37,416255558.0
EXPE,214.99,416157178.0
TRV,305.99,415339330.0
NCLH,15.26,412648602.0
HUBS,208.51,412126530.0
RIOT,23.18,410583393.0
NRG,125.5,409925488.0
GEHC,61.51,409571334.0
RDW,13.96,408131817.0
WAT,332.19,406819372.0
MRNA,48.11,404460627.0
EMR,132.22,404042289.0
MKSI,295.7,402335063.0
ALB,175.74,401550841.0
CARR,64.51,401184892.0
CTSH,51.4,401073555.0
FTAI,230.6,399924256.0
AIG,78.36,396780201.0
MSCI,584.13,393630758.0
XYZ,70.63,392784307.0
CNC,58.23,392702914.0
PINS,19.93,389910796.0
AZN,183.92,386963285.0
DUK,122.84,386612755.0
ECL,249.21,385478025.0
AJG,207.15,384904735.0
AMKR,66.04,383277452.0
RMBS,123.76,382332758.0
CF,125.22,381966457.0
CORZ,23.57,381601154.0
CCJ,105.14,381222897.0
PNC,213.72,380686021.0
RSG,214.52,380069473.0
EXC,43.97,379740628.0
TTMI,158.86,377376042.0
DPZ,308.0,376509478.0
TTWO,242.16,375598781.0
NVT,160.69,374038152.0
OKE,93.76,371465260.0
DG,106.23,369751440.0
FISV,56.66,369497062.0
HSY,191.73,369190293.0
LUNR,33.59,367481147.0
KMI,33.78,367480394.0
CDE,17.5,367247625.0
PCG,15.85,366462610.0
PL,41.61,364765669.0
ARES,123.7,363835973.0
O,61.71,362681239.0
CHRW,169.72,361926986.0
NUE,226.48,361170298.0
DXCM,65.09,359874866.0
DHI,137.49,359700662.0
IBKR,86.12,358933043.0
ULTA,479.87,356835892.0
IDXX,545.79,355715665.0
EA,201.05,355200028.0
EME,877.19,353950042.0
DLTR,91.23,353943551.0
OMC,73.14,352431209.0
TPR,131.17,352113006.0
VRSK,171.52,351829668.0
TFC,47.05,350150912.0
ITW,249.46,349958269.0
QXO,16.7,349808403.0
ROK,436.36,349633407.0
NSC,320.08,346769549.0
CLX,92.82,346727911.0
FERG,219.95,342728193.0
KVUE,17.18,342091097.0
ROKU,124.15,340864035.0
SITM,725.59,340745071.0
HUBB,470.87,340603996.0
HBAN,15.57,340099406.0
PPL,34.93,339438243.0
ENPH,49.69,339411397.0
GWW,1265.03,338406759.0
PCAR,111.68,338157657.0
CTAS,174.51,337738555.0
HPQ,20.92,336769944.0
ALL,221.21,335879578.0
AFRM,64.41,335691401.0
ALNY,286.27,335574870.0
FORM,117.42,333542856.0
SWKS,70.35,332000798.0
VIAV,49.75,331151545.0
KDP,29.43,330983667.0
SRE,90.23,330469912.0
FLUT,97.29,329863894.0
RKT,13.04,329644636.0
NTRA,192.54,329139631.0
LSCC,123.15,328714653.0
KHC,23.35,328245089.0
OTIS,71.13,326968097.0
TOST,22.64,324842826.0
CASY,855.87,323841783.0
AEIS,309.06,320272722.0
EFX,164.23,319769262.0
CELH,29.33,319715571.0
THC,192.45,319491551.0
JOBY,10.35,318435904.0
CBRE,130.44,318394969.0
GFS,67.84,316934855.0
ET,20.19,316876251.0
KR,68.32,316072082.0
AME,225.66,315889974.0
WWD,349.41,313497364.0
GIS,33.45,313404807.0
SMTC,132.39,312717401.0
CBOE,366.28,312547497.0
ADM,80.91,312382126.0
APD,293.31,312039892.0
WST,304.41,308851470.0
SYY,73.52,308786655.0
WPM,129.49,307583075.0
TRGP,274.7,307189947.0
PAAS,55.19,307098752.0
PATH,10.64,306705230.0
TEM,43.62,305793742.0
STT,153.74,305330189.0
Q,149.03,303822713.0
SYF,71.05,302127196.0
U,26.8,301875800.0
IR,69.97,300234742.0
RMD,204.15,299654578.0
CSGP,33.2,299245081.0
MLM,555.78,299126992.0
IQV,172.81,298769717.0
CCI,89.92,298464372.0
ATI,149.62,297949177.0
NDAQ,92.6,297129193.0
FE,44.32,296917966.0
PAYX,94.49,294415289.0
NXT,134.48,293346853.0
PR,20.92,292887105.0
DKNG,25.78,292823169.0
QSR,75.69,292681763.0
PSA,296.15,292322200.0
FIS,43.37,292034135.0
VMC,266.33,291701696.0
ONTO,254.53,291478462.0
AMP,471.18,289709791.0
FTI,73.46,289681202.0
AG,19.73,289650294.0
AEHR,83.57,289129431.0
KNX,69.27,288197516.0
CRS,404.26,287694086.0
VICR,249.02,287211548.0
W,59.26,286399159.0
CTVA,81.08,284473491.0
LVS,50.19,284124364.0
RY,184.79,284019489.0
WCN,158.92,283422105.0
YUM,152.31,282819971.0
XPO,200.46,282601444.0
PODD,152.49,280265547.0
FAST,44.0,280076629.0
EXE,98.45,279959470.0
MDLN,36.02,279878837.0
LUV,38.36,276248476.0
CDW,104.04,276052980.0
VG,14.17,275894264.0
FFIV,379.74,274987116.0
EL,80.01,274667252.0
PRIM,108.63,274109763.0
DT,39.85,272809134.0
CLSK,13.44,270930334.0
STZ,147.58,270391308.0
SPG,200.42,270286966.0
XYL,108.3,268935185.0
WAB,260.17,266081448.0
RRX,188.22,265066061.0
RF,26.97,264998402.0
FSLY,16.71,264792588.0
BN,45.06,264788226.0
SCCO,171.9,262915168.0
CYTK,75.18,262683227.0
HL,17.26,262660776.0
FITB,47.94,261440693.0
FLNC,19.54,261223229.0
VIK,86.06,260848194.0
KTOS,54.22,260715949.0
LPLA,295.62,259875822.0
STLD,228.58,259870657.0
CP,86.22,259205549.0
TKO,194.07,258869338.0
APA,40.15,258105602.0
CFG,61.16,257957923.0
NI,46.55,257185775.0
BROS,52.74,256856974.0
IP,30.4,256763279.0
AA,62.59,256451831.0
SN,106.41,256088409.0
MAS,65.53,255453835.0
NTAP,120.6,255431636.0
GME,21.91,254128602.0
CHKP,127.28,253804606.0
MET,81.41,250271394.0
WTW,256.86,250072365.0
WING,129.0,248411534.0
AFL,118.67,247807754.0
MOH,184.88,247343788.0
MOD,247.13,247299298.0
KGC,28.51,245779867.0
DTE,141.35,245678973.0
OVV,60.03,245657495.0
IT,155.43,244823231.0
LII,501.41,244563966.0
CVE,31.57,244162721.0
WCC,347.84,243075979.0
TLN,324.21,242367909.0
PRU,102.98,241946333.0
CAVA,79.89,240401524.0
JBHT,261.46,240123124.0
ZBH,85.14,238784274.0
ONON,38.1,238602136.0
PHM,111.78,238062832.0
TYL,320.79,237922939.0
FLY,43.95,236573061.0
INOD,94.72,236116952.0
PEG,76.84,235382969.0
VRSN,305.31,235111033.0
ENB,56.37,234991388.0
ED,106.51,234921942.0
SANM,225.14,234907462.0
UTHR,566.99,233746745.0
AU,93.47,233486788.0
CRBG,27.56,232907375.0
ILMN,141.51,232762824.0
P,77.07,232682566.0
A,112.11,232063282.0
AWK,124.83,231985706.0
HEI,293.57,231542592.0
CPRT,33.44,229240199.0
GPN,68.67,229117641.0
CNP,41.72,229087053.0
BIIB,191.91,228625709.0
ACGL,95.87,228341806.0
BR,150.62,228102020.0
KEY,21.07,227556728.0
ZBRA,260.06,227501385.0
FLS,65.93,227201017.0
VICI,28.5,226506370.0
BWXT,201.94,226289548.0
BBIO,65.32,225736108.0
UUUU,17.4,224498894.0
TROW,102.38,223670112.0
MTD,1074.84,223326511.0
GNRC,253.05,222894984.0
USFD,82.05,222770657.0
IRM,123.96,222678510.0
OKTA,87.04,221512937.0
BLDR,70.18,221040478.0
DUOL,113.24,219718957.0
LEN,83.82,219700201.0
CMS,72.13,218717939.0
ETSY,58.83,218606052.0
TXRH,177.14,218282429.0
POWL,266.8,218096075.0
SGI,62.25,217141816.0
WEC,109.55,216533181.0
VTRS,16.5,216314284.0
FIVE,218.36,216233593.0
BRO,58.69,216016381.0
GTLS,207.19,215265752.0
AVAV,161.52,213460932.0
CRML,10.51,213309854.0
SU,69.73,212609499.0
SEDG,55.23,212547050.0
HII,329.35,210727024.0
DXYZ,53.0,209969252.0
LYFT,13.37,209742383.0
OGN,13.42,208669135.0
EAT,132.31,208604564.0
CHD,96.78,207410874.0
DOV,210.83,207317147.0
SW,37.35,207157508.0
FPS,43.22,207022657.0
HIG,136.56,206754069.0
RJF,154.46,206514467.0
EVR,331.92,205916977.0
JAZZ,229.55,205797853.0
MEDP,420.67,205489420.0
NTR,71.62,205347228.0
TDY,617.61,205015287.0
AER,139.79,202795908.0
POOL,181.39,202752339.0
DKS,210.45,201984707.0
APTV,53.01,201627140.0
PTC,144.06,201564179.0
TRI,90.0,199488013.0
PFGC,96.14,199429246.0
MTB,206.27,198879327.0
FOXA,65.87,198702915.0
SBAC,203.34,198479749.0
DRI,193.75,198033887.0
NTRS,165.27,197748159.0
LEU,172.95,197663979.0
EPAM,100.44,197636472.0
FTV,59.01,196656154.0
FWONK,90.99,196515588.0
SHAK,59.69,196364271.0
MOS,21.41,196062062.0
RL,325.87,196023655.0
EIX,68.44,195641461.0
TECK,60.24,195527180.0
GRMN,226.89,195079917.0
LH,255.57,195054570.0
AEE,107.38,194607946.0
PLNT,54.13,194433631.0
MRAM,33.35,194255496.0
BG,124.64,194199083.0
AXSM,227.4,193620718.0
NVMI,486.75,193305343.0
BBY,57.88,193041336.0
WSM,169.16,192256053.0
SFM,88.39,192147288.0
ASND,237.64,191783421.0
AGX,664.76,191403428.0
SJM,103.64,191334231.0
SOLS,82.07,191256876.0
CAG,13.79,191247018.0
SUNB,75.77,191188192.0
RGLD,226.23,191131588.0
RACE,324.77,191061060.0
WSO,391.69,190398888.0
FDS,224.35,190376576.0
DGX,189.84,190337191.0
TSN,66.68,190148930.0
MUSA,565.34,190124474.0
EPD,39.46,189517626.0
SAIA,458.31,189396791.0
PPG,103.66,188851063.0
CHWY,21.63,188756558.0
DD,48.64,188727456.0
CACI,494.92,188643738.0
WBS,71.71,188111683.0
GDDY,91.39,187811872.0
AVB,185.25,187672273.0
SEI,72.13,187535918.0
BURL,290.38,186080081.0
CART,40.99,185869847.0
RPRX,52.07,185764916.0
ATO,178.52,185329139.0
BWA,61.82,185023766.0
EQR,65.43,184839224.0
VLTO,86.71,184114354.0
CLF,10.66,184013165.0
PNR,73.41,183511366.0
MGM,37.09,183338044.0
LNT,72.09,183253855.0
AES,14.53,182659646.0
KALV,26.76,181789634.0
J,113.61,181703872.0
LDOS,124.84,181129253.0
PKG,210.69,180984336.0
FNV,225.41,180473770.0
NBIX,157.21,180313598.0
AMPX,15.87,179804854.0
DECK,94.61,179763096.0
SSNC,67.22,178046583.0
ALGN,158.78,177977241.0
JKHY,139.11,177742416.0
STE,212.87,177406881.0
CG,46.6,176389977.0
FCEL,17.74,176321993.0
DVA,199.52,176175355.0
GH,95.66,175530608.0
DOC,19.49,175452159.0
OSCR,25.3,175430964.0
CPAY,348.5,173747012.0
DINO,70.3,173529870.0
HAS,93.72,173236421.0
MKC,46.7,172875018.0
RBRK,64.98,172806702.0
SWK,75.45,172028505.0
AR,38.36,171595359.0
BALL,55.8,171379458.0
EXR,139.27,170495786.0
AMCR,37.49,170177475.0
UHS,169.27,169732855.0
CLH,301.71,169685034.0
WHR,39.47,169652634.0
ELF,54.86,169401994.0
DY,419.66,168198998.0
AAON,133.94,168055473.0
GEN,24.34,167399413.0
GPC,93.17,167125958.0
GWRE,137.09,166551012.0
EVRG,81.96,166463708.0
HST,21.87,164986378.0
ARMK,52.94,164873001.0
CGNX,61.91,164789197.0
NYT,76.68,164511681.0
CW,710.34,164466688.0
PEN,326.54,164434385.0
CNH,10.5,164303992.0
DAR,62.13,164213064.0
CELC,132.18,163882814.0
FND,44.98,163764578.0
LFUS,436.0,163536942.0
EQH,42.78,163261026.0
EXPD,156.77,162987088.0
TD,108.38,162868459.0
ORKA,58.34,162860139.0
BEN,31.97,162561808.0
ROIV,28.55,162510681.0
ALLE,128.47,161878283.0
ZETA,19.19,161801336.0
TECH,44.43,161719331.0
FROG,67.91,161606881.0
RGEN,104.2,161548447.0
ALC,65.97,160767687.0
ROL,54.61,160455307.0
ARW,207.93,159933458.0
BTSG,56.18,159895109.0
ICLR,113.78,158642383.0
AGNC,10.3,158197151.0
TRU,68.6,157711797.0
CCEP,92.41,157447548.0
TW,112.43,157182978.0
WYNN,95.51,156851834.0
BJ,97.03,156415859.0
INVH,28.75,156393374.0
ITT,194.98,156263707.0
BAM,48.62,155990322.0
LWLG,11.59,155685918.0
SNA,363.55,155632733.0
VSH,36.95,154896251.0
TRP,69.32,154523417.0
ES,68.08,153743349.0
FLR,44.35,153725730.0
SIRI,26.09,153641867.0
LGN,83.31,153016348.0
CSL,333.57,152602327.0
CNI,112.63,152495882.0
GLXY,27.87,152422128.0
TPL,386.61,152289139.0
CRL,149.93,151994930.0
SNX,227.88,151900667.0
MKL,1865.59,151248649.0
GAP,20.73,151195119.0
PCOR,47.9,150878880.0
MASI,178.8,150258231.0
FIGR,38.58,149983527.0
ELAN,19.93,149378581.0
ESI,39.88,149135183.0
TMDX,68.34,148111686.0
IEX,208.63,147846723.0
KGS,75.78,147754608.0
ALK,37.36,147654368.0
MNDY,78.04,147138448.0
MPLX,55.44,146697870.0
AGI,40.3,146500058.0
TAP,41.68,146472039.0
AMRZ,49.64,146382649.0
MDGL,522.23,146187626.0
IESC,654.28,145274880.0
COO,60.94,145213591.0
BMO,153.8,144281340.0
UPST,27.94,143871218.0
WIX,55.75,143230341.0
IOT,30.61,143131895.0
OC,112.2,142985428.0
XNDU,12.16,142261286.0
KRMN,66.21,142204552.0
OUST,30.74,141996878.0
IONS,72.52,141788904.0
BNS,77.26,141614615.0
CPB,20.34,141608649.0
INCY,95.19,141463014.0
JLL,288.9,141261636.0
IVZ,27.39,141102419.0
BAX,17.79,141084863.0
WRB,68.76,140960556.0
MTCH,35.88,140952958.0
DOCU,49.02,140853699.0
AKAN,16.3,140767317.0
RVTY,95.48,140534783.0
RELY,21.44,140151224.0
EXEL,49.84,140061533.0
WFRD,111.42,139432384.0
PBF,42.14,139080408.0
RBC,551.12,138164752.0
TXT,90.59,137851944.0
Z,37.17,137722089.0
ALLY,42.11,137668929.0
H,169.4,137604219.0
UDR,37.46,137410421.0
AS,33.15,137405297.0
HBM,24.26,137069839.0
GTLB,25.09,137036780.0
NVR,5716.78,136974226.0
TRMB,55.02,135815159.0
NTNX,47.45,135365880.0
ARWR,73.95,134947252.0
UEC,13.2,134904212.0
APG,42.23,134370980.0
IBP,215.36,134277714.0
PENG,45.71,134147767.0
PRAX,320.53,134086961.0
LBRT,33.07,134048904.0
PAYC,139.18,133213951.0
EQX,12.93,133098033.0
CE,55.75,133049624.0
EGO,31.67,132929692.0
MYRG,449.98,132910243.0
ORA,129.24,132870777.0
JHX,19.82,132796242.0
KVYO,14.61,132763470.0
GMED,78.93,132030233.0
IFF,73.7,131847792.0
PFG,102.4,131291244.0
RRC,42.36,130353747.0
TOL,126.97,129454521.0
PNFP,94.8,129426011.0
MIRM,95.49,129420891.0
ALHC,16.28,128930824.0
ESS,272.24,128071549.0
NTLA,12.69,127905129.0
HSIC,72.69,127774799.0
PNW,99.76,127670691.0
VISN,11.16,127638049.0
ERAS,10.27,127479942.0
WLK,91.46,126815877.0
WY,22.87,126414864.0
ALGM,41.35,126351520.0
LOGI,105.21,126327277.0
TFX,130.41,126327259.0
INFQ,11.37,126084093.0
CM,112.07,126044184.0
FCNCA,1942.36,126003363.0
GGG,76.17,125758635.0
VOYA,81.39,125083439.0
OLLI,81.37,124403905.0
DAVE,240.56,123598180.0
VFC,16.89,123540449.0
SITE,114.71,123005462.0
CPT,104.61,122946112.0
EWBC,121.05,122813252.0
IAG,16.98,122744487.0
AVT,83.33,121879776.0
RS,360.0,121254584.0
NLY,21.55,121191023.0
AIZ,258.17,121074628.0
RBA,102.84,121041011.0
BFAM,68.17,120883901.0
BAH,74.91,120465163.0
ACLS,146.24,120210778.0
SM,33.17,120194546.0
CCK,97.16,120154495.0
ALSN,114.06,120150689.0
CR,170.77,120062064.0
REG,77.33,119756253.0
NWSA,26.27,119601111.0
BIO,281.82,118763867.0
HALO,67.44,117990911.0
JHG,51.8,117702380.0
SYNA,119.16,117520433.0
CNM,46.13,117152745.0
DTM,148.84,117074088.0
UI,604.0,116969043.0
CHE,441.62,116717283.0
SARO,25.74,116425385.0
MAA,128.25,116046816.0
SCI,78.8,115947177.0
RUN,13.49,115859010.0
EG,355.82,115626400.0
MAIR,38.36,115476090.0
SPXC,200.47,115471808.0
COKE,172.23,115296892.0
TTE,93.43,114991778.0
RNR,298.4,114696740.0
ACM,71.49,114659637.0
DOCS,19.58,114650063.0
CRUS,160.28,114517926.0
CROX,97.0,114396776.0
IDCC,263.85,113666300.0
OLED,89.4,113608221.0
VMI,500.68,113216352.0
SF,74.04,113169816.0
G,31.35,112854384.0
BOOT,141.09,112715627.0
UNM,82.77,112332978.0
OHI,48.32,112156346.0
CINF,167.65,112114708.0
TTEK,27.27,111956998.0
WMS,135.28,111500086.0
AHR,50.09,111439077.0
KNSL,324.77,111330764.0
AVY,156.84,110919276.0
TPG,41.35,110737110.0
MGA,59.59,110711773.0
JEF,51.85,110384592.0
ARCC,18.72,110303637.0
AMH,31.89,109915520.0
AOS,56.7,109793544.0
GKOS,142.18,109702735.0
EHC,106.1,109693754.0
ST,47.82,109678323.0
ECG,148.45,109489715.0
HESM,40.6,109487695.0
LAMR,147.49,109413269.0
LPX,70.44,109322723.0
HLI,152.07,109189227.0
SOLV,76.13,109071273.0
R,231.55,109067456.0
BAP,303.86,108683703.0
COCO,79.23,108624777.0
TKR,112.73,108525195.0
PTCT,70.15,108342838.0
UBS,46.29,108296523.0
TVTX,42.89,108121527.0
ARE,46.68,108056211.0
LTH,33.23,107759541.0
WEX,142.6,107638555.0
BBWI,16.21,107529762.0
MT,61.87,107271454.0
GSAT,81.71,107137037.0
OSK,121.95,106924474.0
MHK,96.87,106787785.0
DBX,27.98,106193936.0
ENSG,176.66,105896569.0
CHYM,17.55,105482382.0
RH,120.72,105346664.0
S,17.54,105337020.0
FBIN,33.71,105213816.0
HXL,89.28,104767356.0
POWI,67.62,104540779.0
SPHR,137.42,104507326.0
MANH,136.71,104224235.0
KMX,37.05,103554913.0
BXP,59.92,103429955.0
KIM,23.47,102970034.0
CHDN,87.93,102947479.0
RYAN,33.67,102668644.0
NOV,21.17,102517756.0
LBRDK,33.02,102400739.0
QRVO,94.21,102259112.0
LMND,54.48,101987523.0
BMRN,49.67,101872326.0
VSAT,71.52,101682939.0
CPRX,31.23,101497579.0
FER,67.19,101491566.0
ESE,291.68,101407875.0
PTEN,12.85,101279179.0
KEX,146.65,101178848.0
CZR,27.62,101096054.0
MTN,123.72,101017120.0
MIDD,144.41,100967396.0
SLNO,53.01,100911360.0
CHRD,149.56,100813740.0
WH,78.14,100680679.0
HRB,38.71,100625292.0
TIGO,80.73,100579375.0
VECO,55.65,100400766.0
UMBF,126.82,100330401.0
SMMT,16.02,100150849.0
MORN,177.07,99972066.0
SUI,121.51,99699120.0
SLAB,216.6,99605628.0
OPCH,19.69,99416267.0
SSRM,30.72,99137848.0
NKTR,68.43,99127305.0
LASR,70.83,98468630.0
FRT,114.93,97352754.0
LKQ,24.79,97254218.0
RAL,58.84,97006239.0
IRDM,43.4,96855102.0
SYM,47.05,96534936.0
WTS,301.94,96418911.0
VSEC,167.93,96390962.0
BRKR,42.75,96283692.0
HR,20.4,96121622.0
M,18.52,95875836.0
HRL,20.38,95743511.0
LECO,260.9,95725323.0
CRSP,48.56,95675727.0
MTDR,60.81,95668003.0
PRMB,23.5,95512184.0
CRGY,13.47,95421339.0
VVV,33.24,95183315.0
PUMP,18.03,94901353.0
AMG,297.03,94443690.0
OSIS,207.77,93977071.0
ZION,60.09,93942294.0
STNG,81.87,93788384.0
KRYS,291.75,93741895.0
NDSN,276.76,93730138.0
CAMT,155.74,93638267.0
ELS,62.12,93517968.0
GFL,37.53,93052559.0
FCN,153.72,92963991.0
VAL,113.42,92957495.0
BYD,79.09,92799448.0
TGTX,39.48,92529594.0
FRPT,48.45,92454834.0
YOU,59.18,92447142.0
PEGA,34.15,92261286.0
UCTT,77.65,91992939.0
ANF,71.95,91959748.0
AESI,19.45,91907824.0
BIRK,32.12,91884584.0
JBS,12.86,91769853.0
KLAR,15.55,91595261.0
PCTY,112.97,91380981.0
ALM,17.3,91366144.0
BILL,38.52,90917388.0
NVST,23.15,90867237.0
CUBE,38.93,90844270.0
PLXS,258.87,90630602.0
LSTR,179.11,90623032.0
BTDR,13.15,90563702.0
ESLT,760.63,89939689.0
WPC,73.9,89837011.0
QGEN,33.78,89807033.0
WSC,24.0,89693626.0
VSCO,44.83,89680956.0
HLNE,86.75,89620601.0
GVA,137.28,89618773.0
INDV,36.54,89391225.0
SEIC,92.01,89322047.0
AGCO,113.17,89145025.0
WAL,76.59,89062216.0
BKSY,43.0,89056106.0
ACMR,63.25,88943727.0
INBX,105.8,88791193.0
AYI,282.56,88677217.0
YSS,25.93,88648942.0
ITRI,80.8,88646424.0
ACI,16.81,88636492.0
INGR,101.42,88472069.0
RNG,40.68,88285324.0
LAD,264.89,88084690.0
FRO,37.74,88025976.0
PARR,58.79,88005592.0
SON,46.94,87924126.0
FIVN,21.13,87565064.0
POST,99.61,87457061.0
GL,157.35,87340249.0
TXNM,59.43,87243862.0
HYMC,34.83,87170858.0
PVH,80.33,87138698.0
CENX,54.92,87093657.0
LNTH,93.13,86606235.0
XP,17.34,86518634.0
GLPI,47.22,86360665.0
NNN,44.33,86204348.0
ALV,115.82,86111054.0
MSGS,351.84,86022931.0
HRI,133.85,85868150.0
MLI,136.14,85771820.0
EMN,70.94,85706832.0
TWST,49.79,85493724.0
DB,31.36,85388816.0
FNF,49.51,85374346.0
WMG,34.56,85273192.0
L,108.01,85148463.0
WGS,42.69,84831587.0
FNB,17.25,84769467.0
VSNT,42.29,84583932.0
HNGE,54.71,84471443.0
TREX,38.18,84175197.0
FHN,23.73,84143991.0
RPM,97.1,84004717.0
ESTC,53.91,83726225.0
SSB,92.84,83559697.0
KLIC,99.36,83396106.0
PCVX,48.44,83074282.0
PI,139.3,82986716.0
WES,47.17,82970396.0
VLY,13.07,82698681.0
GTX,30.38,82594512.0
COLB,29.01,82530264.0
AAP,50.6,82465992.0
ACHC,25.31,82197116.0
CAKE,59.7,82093917.0
SYRE,70.08,82081266.0
MKTX,141.11,81867096.0
BMI,118.96,81760339.0
AN,181.94,81668542.0
FCFS,224.96,81558247.0
NE,54.37,81531671.0
BELFB,258.28,81449683.0
AIT,305.22,81322601.0
BRX,30.02,81198461.0
CWAN,24.4,80850785.0
GXO,47.14,80798200.0
CVLT,105.94,80752011.0
CC,22.94,80595200.0
BSY,33.31,80198506.0
FOUR,42.5,80187112.0
WTRG,37.24,79999628.0
CFR,137.77,79828481.0
ADC,75.77,79807899.0
CTRE,41.52,79550710.0
LRN,89.82,79502205.0
MFC,38.23,79194706.0
LEA,130.36,79050885.0
EXLS,29.0,78999217.0
AMSC,50.15,78984091.0
TNGX,20.63,78839576.0
MANE,100.38,78793957.0
EGP,202.16,78754305.0
CACC,555.43,78689038.0
BTU,23.82,78631900.0
MAC,21.87,78346842.0
HCC,85.6,78247349.0
WK,49.81,78008463.0
GLNG,56.78,77781482.0
REXR,35.27,77598953.0
RGA,215.02,77552720.0
URBN,69.61,77374885.0
DIOD,94.84,77337073.0
PII,63.98,77246268.0
HOG,24.35,76616270.0
RHP,108.5,76578930.0
TDC,32.77,76378525.0
STNE,10.21,76266934.0
OGE,47.31,75912502.0
MIR,18.03,75898791.0
VKTX,28.69,75749270.0
SRAD,13.12,75648522.0
GLOB,39.85,75575625.0
MAT,14.94,75484622.0
WRBY,28.65,75340920.0
LQDA,56.97,75297400.0
ENS,224.41,75294210.0
QLYS,97.98,75225628.0
EXTR,24.11,74914057.0
VC,108.5,74875975.0
AWI,157.89,74874440.0
ONB,23.47,74614475.0
ICHR,66.6,74509260.0
TEX,57.95,74327511.0
VRNS,28.78,74228260.0
UGI,34.54,74192542.0
NFG,82.94,74100767.0
PAA,23.17,74056344.0
NPO,306.67,74026040.0
JBTM,126.78,73938722.0
MSM,104.66,73718210.0
BW,20.15,73694435.0
COHU,44.2,73582617.0
NXE,10.97,73493216.0
PSN,51.48,73443582.0
ABG,176.28,73342091.0
ALKS,37.19,73084958.0
CHH,106.65,72988354.0
TENB,23.12,72815697.0
SNEX,110.8,72539518.0
SLM,21.85,72381069.0
HUN,13.81,72286032.0
ATR,115.81,72274977.0
PENN,16.48,72159306.0
NOVT,151.27,72043044.0
BPOP,146.43,71823493.0
IDA,140.71,71728518.0
SGML,14.76,71655550.0
TDW,85.3,71629434.0
TMHC,55.94,71572933.0
VCX,234.03,71539553.0
RYTM,86.84,71427592.0
HQY,83.04,71324585.0
ROAD,114.95,71309883.0
BCE,23.82,71225159.0
RHI,26.18,71102614.0
ADEA,27.4,71074131.0
VNOM,49.12,70874416.0
IPGP,106.35,70872560.0
ATMU,50.33,70871332.0
CSTM,32.25,70847192.0
DOX,62.28,70414899.0
VIRT,55.08,70396804.0
CWST,88.1,69950556.0
MC,63.86,69895128.0
PBI,16.46,69703160.0
AEO,14.86,69590634.0
SHC,15.35,69508491.0
NEU,700.69,69478979.0
EXP,196.63,68933807.0
LNC,34.69,68920433.0
TNL,62.55,68833766.0
XMTR,87.96,68639285.0
BEPC,36.36,68205466.0
CNX,36.56,67992015.0
IRTC,110.94,67943646.0
BEAM,26.81,67928417.0
CNR,83.87,67808482.0
WTFC,146.89,67681907.0
TTAN,62.52,67569559.0
NOG,24.75,67547775.0
MGY,29.89,67127528.0
FLG,13.34,66911471.0
BXSL,23.67,66859995.0
AVEX,28.58,66730998.0
SEZL,102.44,66525380.0
ULS,99.01,66489080.0
GIL,56.37,66390646.0
JXN,110.91,66369680.0
LEVI,20.96,66351633.0
YETI,42.46,66237517.0
CECO,79.44,66220263.0
KBR,32.24,66100705.0
SSD,182.0,66027700.0
INSP,41.83,66022102.0
BDC,104.25,65897918.0
LAZ,45.94,65560462.0
AUGO,75.64,65397694.0
SMG,57.53,65352624.0
MUR,40.44,65303210.0
MTH,61.21,65137822.0
LW,43.65,65130372.0
RSI,27.67,64931839.0
DX,12.99,64864690.0
SXT,113.91,64473869.0
KAI,314.21,64425725.0
ASO,49.98,64412899.0
BKH,73.98,64391211.0
VNT,27.99,64338190.0
IMO,138.33,64292177.0
SRPT,17.01,64081460.0
NXST,196.54,64035660.0
AROC,38.62,63923376.0
POR,48.29,63764960.0
OMF,53.53,63760460.0
SAM,174.03,63757159.0
NNE,24.15,63699084.0
YUMC,45.48,63642490.0
AFG,136.88,63426152.0
CUZ,26.32,63268270.0
SIG,73.94,63265875.0
EPRT,30.91,63102539.0
CMC,70.07,62979747.0
AMBA,78.88,62673251.0
CORT,55.12,62537460.0
CBSH,51.91,62317135.0
IAC,40.71,62115661.0
LOAR,58.68,62013790.0
CTRI,29.95,61833589.0
DDS,530.07,61725426.0
PB,68.15,61680335.0
DK,45.41,61625576.0
COLD,14.49,61624521.0
CVCO,458.11,61580309.0
MTG,26.38,61565243.0
KD,11.71,61318867.0
KSS,11.72,61249484.0
EQPT,23.86,61121825.0
GPOR,184.58,60997353.0
SRRK,47.38,60985393.0
CGON,62.93,60979786.0
HWC,66.14,60798598.0
TXG,21.45,60782855.0
ZWS,48.02,60301878.0
BLLN,86.12,60234021.0
PTGX,100.74,60128870.0
MIAX,54.51,60100155.0
PSIX,38.93,60051796.0
WAY,18.55,59988877.0
MMSI,63.64,59761665.0
NN,21.59,59713457.0
VELO,18.63,59611354.0
TTC,89.49,59588460.0
GPGI,12.04,59577488.0
ORI,40.05,59478846.0
KRG,26.03,59405381.0
KTB,64.25,59272552.0
ASH,56.67,59218746.0
FAF,68.61,58965806.0
AXS,100.64,58768225.0
ITGR,89.97,58672817.0
NUVL,99.9,58625677.0
PATK,90.32,58595842.0
LIVN,72.23,58560184.0
APPF,157.91,58449370.0
CSIQ,17.18,58356267.0
MEOH,62.09,58165691.0
UMAC,14.45,57907838.0
AM,22.28,57825745.0
VRDN,16.1,57819432.0
VNO,31.65,57542451.0
VOYG,38.38,57499724.0
TU,12.3,57454366.0
KMT,34.92,57419348.0
FR,61.52,57313993.0
KNTK,50.59,57301487.0
PJT,156.88,57292488.0
ASST,15.79,57291961.0
OLN,27.07,57064074.0
FIGS,11.5,56855502.0
AXTA,27.61,56635387.0
BAND,55.95,56550864.0
WT,19.38,56505927.0
KRC,34.14,56289278.0
MMS,59.65,56277672.0
RRR,52.12,56211605.0
GPI,317.18,56145099.0
BRZE,21.58,56020037.0
VGNT,44.45,55879571.0
CNK,26.83,55874162.0
EEFT,69.01,55870719.0
MTRN,202.29,55593184.0
PIPR,79.22,55546637.0
GNTX,22.68,55542094.0
CALM,77.61,55493347.0
OTEX,23.81,55447905.0
RLI,52.99,55402146.0
SXI,251.18,55296600.0
BLSH,35.56,55252339.0
PGY,12.87,55113030.0
BANC,18.64,54773125.0
NAVN,18.4,54761432.0
CRNX,34.7,54659577.0
BC,76.47,54618666.0
DHT,17.91,54499826.0
PRI,280.65,54485246.0
NAMS,34.14,54436546.0
ESAB,88.03,54435329.0
REZI,28.25,54390239.0
GLBE,28.87,54389832.0
THG,197.54,54279663.0
OZK,47.32,54254785.0
DBRG,15.67,54216393.0
QTWO,46.88,54203890.0
BFH,85.93,54125443.0
AOSL,38.53,54115682.0
AMTM,23.29,53993896.0
ASB,27.49,53986379.0
CRC,62.5,53726642.0
BIPC,40.87,53716648.0
FHB,26.63,53552839.0
FSS,112.71,53479333.0
ARR,16.43,53092869.0
SGHC,13.75,53060279.0
KBH,45.64,52857827.0
AVTX,16.16,52681233.0
PAG,159.75,52625130.0
ALMU,20.76,52418086.0
MRX,56.29,52371943.0
RDNT,54.17,52280378.0
BOX,25.77,52123741.0
APGE,78.75,51930858.0
UNF,265.78,51930017.0
FOX,58.99,51866112.0
ERIE,221.51,51860806.0
NSIT,90.59,51642934.0
SLG,42.93,51568384.0
UFPT,217.22,51533259.0
XENE,53.71,51482519.0
COGT,31.36,51388109.0
KALU,166.4,51369897.0
EYE,17.32,51341119.0
GTES,24.09,51257968.0
RXO,19.1,50998996.0
CPA,134.04,50930122.0
BCO,104.98,50874237.0
INSW,85.28,50871194.0
CAI,15.1,50705373.0
SIGI,89.59,50509400.0
ETOR,40.72,50440123.0
RYN,19.85,50346751.0
STWD,17.01,50291699.0
DCI,82.46,50270784.0
QURE,24.93,50190359.0
TFII,142.4,50168044.0
CALX,40.22,50043842.0
INGM,25.72,49972444.0
HAE,57.28,49776691.0
PK,11.09,49705814.0
FIBK,34.38,49679783.0
SVM,13.16,49678628.0
NCNO,15.11,49472812.0
AMR,182.3,48966189.0
THO,73.81,48802704.0
MRCY,93.39,48676915.0
FMC,13.55,48606974.0
OUT,31.96,48558653.0
ALGT,74.66,48549413.0
FHI,54.42,48306739.0
LION,12.56,48277188.0
ORLA,13.0,48231266.0
APLE,14.09,48204577.0
CPRI,17.54,48193246.0
MZTI,112.98,48052516.0
HAYW,13.61,48046784.0
MSA,169.52,47852762.0
HP,41.53,47810541.0
TARS,62.82,47733344.0
PFSI,86.47,47638663.0
PCT,12.83,47638601.0
ZG,37.61,47615436.0
DLB,54.37,47530803.0
LOPE,161.09,47525606.0
SBRA,20.93,47356758.0
BKD,13.28,47099898.0
LGND,207.89,47053354.0
WLDN,89.1,47034096.0
EWTX,31.72,46997876.0
LPTH,12.44,46649866.0
ADTN,14.96,46564998.0
PLPC,335.43,46548065.0
TPC,75.43,46350309.0
LC,15.63,46030514.0
PPC,28.36,46013843.0
CARG,28.66,45936322.0
UFPI,81.14,45848371.0
STAG,38.19,45843373.0
CALY,14.9,45676642.0
TCBI,97.45,45615124.0
PRM,33.44,45484485.0
WYFI,23.77,45481444.0
THR,64.05,45394919.0
SKY,65.64,45382781.0
HASI,40.77,45315725.0
SLF,72.79,45297429.0
RCI,35.53,45087532.0
PDFS,43.64,44969682.0
TRT,15.32,44968601.0
MRP,26.93,44873850.0
NSA,41.51,44773750.0
ESNT,62.07,44688029.0
NESR,25.99,44658866.0
SAIC,96.01,44646239.0
SUNC,71.23,44482088.0
ANAB,58.74,44356086.0
SWX,88.94,44325951.0
GBCI,46.79,44313405.0
TNDM,13.53,44231584.0
ENVA,165.31,44203377.0
OGS,83.24,43983176.0
DNOW,13.03,43935612.0
MWH,40.42,43854126.0
AIR,103.79,43731638.0
ARCB,122.84,43700255.0
PAGP,24.87,43688321.0
MMYT,44.93,43288082.0
CRI,35.51,43224020.0
VVX,71.81,43058830.0
CNXC,23.94,43054234.0
RDN,37.85,42988087.0
KNSA,53.64,42868653.0
SKYT,34.29,42843117.0
CWEN,36.3,42830339.0
TPB,89.14,42792700.0
SUN,70.81,42725226.0
OII,38.54,42625019.0
KYMR,79.67,42511576.0
MATX,184.25,42467097.0
PRCT,26.01,42411686.0
CRK,14.67,42378332.0
AXGN,41.95,42366743.0
ATRO,80.35,42355009.0
WERN,37.86,42342274.0
EBC,19.31,42325675.0
ARXS,34.05,42265681.0
RARE,24.19,42158549.0
SEB,4653.03,41952543.0
KNF,74.51,41857151.0
OBDC,11.01,41829874.0
NATL,44.79,41789749.0
STEP,53.64,41765882.0
GATX,171.29,41757632.0
SHOO,38.72,41742419.0
GRPN,16.93,41674846.0
WTM,2138.35,41653494.0
FUN,20.08,41485754.0
IMAX,34.25,41235635.0
PZZA,32.99,41203097.0
FSK,10.72,41111680.0
BHE,82.79,41008589.0
BNL,20.23,40860361.0
NWS,30.23,40846338.0
ZIM,25.64,40810877.0
TDS,41.42,40620496.0
RLAY,12.1,40518597.0
AX,84.47,40453961.0
CHEF,79.75,40307323.0
ABCB,83.6,40302976.0
LAUR,33.01,40197234.0
HOMB,26.09,40081518.0
GIB,65.08,40068512.0
CUE,21.38,40035524.0
PLAB,47.53,39870349.0
ARQT,20.03,39863705.0
VPG,105.21,39835027.0
FTDR,63.44,39828630.0
SNDX,19.41,39753089.0
DNTH,83.6,39728517.0
PBH,46.6,39718934.0
ROG,133.8,39711640.0
AUB,36.79,39690792.0
PRKS,36.16,39646722.0
LINE,39.09,39643262.0
GEO,22.84,39593472.0
AGO,75.55,39492179.0
HCAI,11.0,39476950.0
AMBQ,71.34,39476886.0
IMVT,26.53,39313063.0
PBA,49.48,39260477.0
HGV,46.6,39206121.0
FULT,20.94,39151775.0
DRS,42.84,38964758.0
PPTA,26.64,38900905.0
WHD,60.34,38793431.0
RAMP,37.77,38738985.0
VERA,34.35,38727574.0
CVSA,127.85,38515484.0
SOC,15.23,38513664.0
ERO,26.72,38406986.0
COLM,59.17,38405136.0
BOKF,127.82,38336209.0
ERNA,12.25,38205904.0
MGNI,13.39,38194062.0
KN,34.55,38158268.0
IRT,16.26,38151827.0
VCYT,41.5,38094645.0
SFD,25.68,38078586.0
AEVA,19.45,37971605.0
PECO,40.0,37680644.0
ACA,122.12,37662681.0
MAIN,50.99,37620821.0
VCTR,87.07,37509336.0
SUPN,48.33,37496704.0
SAIL,14.59,37493407.0
WTTR,19.56,37471322.0
BL,29.81,37385828.0
NTSK,11.37,37365180.0
LCII,110.02,37178777.0
ESTA,65.63,37142647.0
NHI,75.89,37137665.0
BKU,45.56,36973120.0
ICFI,64.53,36890491.0
CVBF,19.88,36723592.0
EPR,58.34,36551360.0
FTS,55.09,36484723.0
FLYW,16.02,36474839.0
ACAD,20.69,36289485.0
HIW,25.72,36052235.0
PHG,26.05,35951478.0
PSMT,162.9,35810933.0
CAPR,28.02,35766067.0
DXPE,145.88,35757430.0
VAC,72.79,35707276.0
SKYW,81.79,35639585.0
MDU,22.48,35598197.0
DFTX,20.48,35557520.0
ATKR,74.51,35454933.0
PEB,14.44,35394372.0
GFF,82.83,35362452.0
TRNO,65.79,35329699.0
ALG,151.22,35183085.0
ICUI,123.08,35074688.0
BGC,11.39,35001105.0
BCPC,159.47,34986932.0
LIF,39.47,34936308.0
HSAI,22.01,34917543.0
PGNY,24.05,34888364.0
SNDR,32.37,34876143.0
SR,86.22,34875629.0
GCT,37.3,34701667.0
CIGI,92.06,34645317.0
NBR,110.63,34551327.0
CEVA,36.59,34493909.0
PACS,36.81,34483907.0
BLBD,72.74,34395837.0
DAN,33.29,34250241.0
BOH,76.94,34140734.0
OSS,15.99,34121900.0
BIP,38.61,34107344.0
UBSI,42.54,34033001.0
DNLI,18.4,34008064.0
CSW,260.2,33934177.0
AIP,33.29,33925793.0
PLMR,114.51,33891947.0
BCC,67.6,33797738.0
RCUS,23.4,33744810.0
HTFL,25.64,33726485.0
BEP,34.37,33602418.0
OR,36.17,33561783.0
FBP,23.66,33512562.0
MWA,25.72,33449602.0
CNO,47.84,33404100.0
GRAL,60.71,33230286.0
DCO,145.36,33223793.0
TWO,12.43,33137555.0
FSV,130.77,33110094.0
ACIW,42.8,32707307.0
GOLF,86.03,32559495.0
UNIT,10.8,32533879.0
SDRL,54.8,32497147.0
HROW,30.9,32489726.0
YELP,21.79,32414385.0
FELE,97.39,32302083.0
CXT,38.34,32299391.0
AZZ,139.78,32278856.0
DSGX,70.85,32194708.0
MGRC,112.76,32156006.0
WDFC,204.17,32125442.0
IRON,66.85,32036424.0
ALKT,16.99,32030327.0
NJR,57.62,32030272.0
CLMT,32.35,31950265.0
AGL,86.8,31937483.0
SMPL,11.8,31936597.0
RVLV,18.45,31904069.0
OPLN,35.04,31898156.0
SKT,35.65,31844882.0
EXPO,57.35,31757252.0
HURN,108.13,31533840.0
HHH,63.53,31491906.0
HUBG,38.17,31469089.0
CVI,34.54,31323230.0
AMN,28.86,31316206.0
HTO,56.51,31274327.0
NVCR,17.46,31257619.0
STN,77.29,31245680.0
CBT,81.93,31239533.0
HRMY,29.83,31060303.0
MHO,123.89,31032346.0
RUSHA,68.73,31017643.0
MICC,15.74,30976207.0
DEI,11.64,30973530.0
SOBO,37.53,30922686.0
SLGN,37.49,30756209.0
TNK,76.94,30689724.0
AVNS,24.74,30624456.0
DORM,115.09,30426738.0
DLO,11.52,30361452.0
SLDE,18.98,30257296.0
CLBT,13.63,30247184.0
CBZ,30.87,30242309.0
KMPR,30.17,30144472.0
SPB,77.09,30073982.0
CDP,31.8,30065110.0
MSGE,69.04,30051496.0
LMB,76.02,30029157.0
SILA,30.54,29977519.0
LLYVK,98.97,29937538.0
HE,13.38,29920886.0
HTGC,15.4,29869178.0
SPSC,53.04,29862772.0
BHF,62.7,29835286.0
CGAU,17.06,29833214.0
REYN,21.52,29780914.0
ECPG,80.74,29780748.0
HCI,158.57,29718752.0
BETA,14.85,29689616.0
TBBK,54.27,29469967.0
AGIO,28.21,29425077.0
NWE,71.48,29421306.0
ANIP,79.34,29327965.0
BWIN,20.88,29283954.0
ADUS,92.64,29248781.0
ENOV,25.25,29238064.0
UNFI,50.77,29150119.0
AZTA,16.24,28992074.0
OMCL,43.22,28967095.0
TYRA,35.66,28895443.0
STAA,32.31,28779777.0
CBRL,29.32,28659213.0
TRMD,32.49,28501295.0
SPIR,19.2,28470350.0
MAN,27.68,28355069.0
FG,27.98,28323337.0
SII,129.23,28323174.0
AAUC,27.8,28185042.0
MLYS,26.39,28125386.0
WSFS,70.31,27961913.0
HWKN,155.67,27954891.0
BRC,84.43,27869162.0
QDEL,10.84,27686201.0
CCOI,17.22,27596555.0
PRGO,10.68,27519351.0
APAM,36.68,27490175.0
PVLA,105.05,27461650.0
ATEN,28.12,27439311.0
GOLD,39.66,27392434.0
ELVN,39.63,27258119.0
TH,18.0,27232802.0
SBCF,30.19,27219877.0
SBLK,26.36,27084187.0
LMAT,100.83,26936960.0
URGN,28.58,26862565.0
DYN,16.54,26806715.0
BXMT,18.24,26797688.0
CUBI,72.68,26791102.0
IDYA,28.32,26715946.0
DBD,69.11,26682527.0
SHAZ,57.5,26672983.0
WLFC,176.55,26669538.0
WRLD,156.15,26630026.0
AWR,75.92,26594190.0
INDB,77.61,26586702.0
VRRM,13.37,26525174.0
FUL,58.21,26466926.0
WKC,29.13,26226442.0
STRA,80.99,26174077.0
UTI,39.06,26157790.0
IE,12.22,26136029.0
DRVN,14.24,26106305.0
ANDE,70.85,26077670.0
NTST,20.77,26071758.0
PRVA,23.69,25997180.0
CRAI,144.91,25927308.0
GPRE,16.95,25883060.0
TALO,16.24,25857121.0
CNA,44.42,25728136.0
SONO,14.76,25708376.0
RNST,39.79,25679123.0
BKV,28.77,25651112.0
TNC,81.5,25644181.0
MGEE,75.0,25582847.0
KFY,65.68,25576544.0
SA,28.84,25472479.0
PHIN,75.04,25428861.0
CRVS,12.21,25396328.0
NMRK,14.3,25387756.0
NSP,31.45,25285504.0
ALMS,21.15,25270396.0
ZD,41.16,25187710.0
EVER,18.23,25132578.0
ATRC,28.48,25058707.0
MUX,22.04,24993032.0
HNI,30.16,24957923.0
PWP,17.97,24784144.0
SGRY,13.92,24776691.0
OTTR,88.06,24713321.0
MBX,30.98,24693203.0
KOD,35.02,24687111.0
CWT,42.82,24559006.0
LINC,49.45,24458951.0
TSSI,10.69,24404813.0
LBTYA,12.05,24395377.0
AAMI,69.34,24342015.0
FFBC,29.89,24296768.0
APPN,21.1,24249363.0
CDNL,51.0,24109387.0
CLDX,30.22,24025555.0
WSBC,33.42,23994935.0
UCB,32.58,23940782.0
EZPW,33.37,23933145.0
HLIT,12.48,23919639.0
SEM,16.48,23833895.0
CATY,56.58,23783393.0
ECO,55.81,23744092.0
AVNT,33.55,23733829.0
KWR,136.27,23569128.0
BLKB,32.0,23524701.0
OTF,10.97,23440564.0
BBT,28.09,23424794.0
VCEL,34.87,23376392.0
SNDA,36.94,23375977.0
IPAR,87.36,23323507.0
MCY,100.63,23258455.0
CAE,25.9,23236733.0
METC,13.83,23157553.0
NIC,140.84,23095166.0
HLIO,77.17,23050252.0
FFIN,31.75,23010515.0
AKR,21.04,22896674.0
PRA,24.62,22861859.0
JJSF,73.3,22801612.0
SBH,11.82,22757882.0
ADPT,12.71,22747831.0
TRVI,13.43,22721866.0
ARIS,18.15,22692058.0
CURB,27.73,22569961.0
ECVT,14.42,22498981.0
PFS,21.73,22432877.0
NMIH,38.56,22375709.0
NP,27.22,22343375.0
AVPT,10.13,22306543.0
ALRM,43.83,22130240.0
IIPR,54.58,22093666.0
GLIBK,25.74,22091402.0
LLYVA,96.37,21938689.0
TRN,34.27,21890399.0
CMP,28.97,21851260.0
AORT,23.76,21818090.0
HLX,10.47,21787392.0
CON,26.08,21740875.0
CXW,21.02,21682590.0
SAH,74.06,21681566.0
AVA,41.19,21678775.0
DOO,55.33,21645864.0
RHLD,109.29,21601154.0
NEXA,14.58,21454499.0
INTA,20.87,21408578.0
ARLO,12.95,21382780.0
GRND,13.7,21374437.0
FTRE,13.59,21366878.0
BETR,25.05,21336096.0
LGIH,41.24,21240146.0
NUTX,124.7,21168366.0
LB,72.3,21158971.0
ENR,16.54,21093078.0
PRGS,29.19,20971600.0
TFIN,63.26,20778211.0
AMRX,11.92,20760134.0
GBDC,12.91,20662143.0
CWK,12.64,20625692.0
MDA,39.88,20617572.0
SCHL,40.44,20576512.0
HNRG,18.3,20548870.0
SKE,29.88,20544911.0
PRDO,34.67,20529997.0
SMA,29.92,20511181.0
LXP,51.5,20494284.0
OSW,23.91,20481798.0
ADNT,20.64,20469770.0
MD,22.64,20392050.0
VERX,13.26,20364564.0
WAFD,35.07,20360401.0
NTCT,38.94,20330593.0
TRS,38.21,20321106.0
CNS,72.26,20290558.0
HLF,12.59,20264238.0
CMBT,15.06,20264031.0
SFNC,20.93,20209677.0
PAR,14.0,20140542.0
TFPM,31.69,20116978.0
NHC,196.3,20095738.0
BATRK,51.12,20068735.0
BZH,21.9,20066746.0
ODD,12.19,20060058.0
WBI,31.06,19995060.0
VSTS,12.17,19973352.0
AUPH,15.6,19923420.0
HELE,23.95,19817889.0
LNN,108.12,19802013.0
PTRN,17.57,19801084.0
PLAY,10.4,19763759.0
IMNM,19.9,19759627.0
PAHC,34.18,19716636.0
WWW,15.31,19554240.0
SWMR,32.37,19501678.0
MCRI,120.55,19429452.0
DGII,62.52,19381993.0
GHC,1118.95,19316880.0
OMDA,16.47,19310846.0
MTX,75.97,19234337.0
AHCO,10.72,19216171.0
ALH,23.89,19196247.0
AGYS,70.2,19076041.0
CASH,80.57,18967841.0
OMER,11.7,18953322.0
SFBS,76.16,18859078.0
SKWD,47.85,18836073.0
BANR,64.05,18832880.0
ARX,15.91,18800989.0
DRH,10.61,18792254.0
CCS,49.14,18757522.0
VET,12.98,18754925.0
TRIN,17.01,18741399.0
OBE,13.75,18620816.0
BH,273.7,18549814.0
NNI,128.36,18443831.0
IBOC,72.2,18437997.0
BKE,48.08,18393073.0
PHAT,11.39,18349604.0
ASTH,38.98,18305631.0
NGVT,66.5,18299406.0
FA,15.29,18275886.0
NVRI,19.33,18245589.0
GSHD,42.14,18229209.0
BRSL,10.9,18195281.0
EFC,13.33,18168292.0
SDGR,12.05,18168255.0
WINA,353.06,18154445.0
KLRA,19.55,18105413.0
MITK,14.13,18098679.0
AGM,174.73,17907837.0
IOSP,79.05,17749599.0
EPC,16.14,17671803.0
DRUG,75.0,17654399.0
PRG,33.75,17613637.0
TNET,42.87,17565123.0
GBX,47.98,17459619.0
LPG,41.89,17417195.0
EMA,51.99,17349501.0
ROOT,58.32,17335799.0
UE,21.65,17307691.0
FWRG,11.01,17301671.0
LXU,13.88,17274461.0
AMRC,31.02,17272966.0
AGRO,13.46,17272516.0
ZYME,24.43,17260420.0
SION,39.24,17215929.0
FCPT,24.88,17141889.0
TOWN,34.23,17141656.0
CTS,56.94,17048045.0
MAZE,24.5,16861982.0
HCSG,21.54,16839846.0
ATEX,54.98,16823578.0
NOMD,10.24,16719719.0
NWPX,111.13,16689113.0
USPH,65.04,16646084.0
JOE,64.33,16603799.0
JAN,26.6,16603570.0
GHM,94.39,16592447.0
CNMD,36.61,16559876.0
XOMA,41.64,16524701.0
EFSC,59.5,16481253.0
NSSC,36.08,16471814.0
COLL,33.65,16411681.0
AMLX,12.86,16371564.0
WGO,29.04,16318508.0
TRMK,43.91,16225294.0
MLTX,16.44,16219589.0
STOK,29.03,16219161.0
TILE,28.52,16214041.0
ABM,40.17,16200075.0
APEI,54.42,16192590.0
FLOC,27.49,16191080.0
GILT,15.38,16133844.0
UPBD,17.23,16117707.0
SPNT,23.86,16012468.0
USLM,104.32,15972945.0
CPK,126.83,15853997.0
BOBS,11.85,15845697.0
XPRO,16.53,15823124.0
CSWC,23.31,15759997.0
CMPR,102.88,15749006.0
PAY,24.43,15604426.0
VRE,18.98,15564761.0
TAC,12.46,15549530.0
SLVM,37.34,15430890.0
WD,50.37,15422273.0
PLUS,82.45,15393353.0
HG,32.15,15326026.0
SFL,12.51,15316235.0
CBC,27.45,15301545.0
CABO,48.78,15263379.0
MEI,10.55,15196629.0
XIFR,11.7,15191554.0
ZVRA,10.43,15188541.0
DJCO,476.42,15136632.0
KFRC,40.65,15067210.0
WLY,41.66,15038791.0
AIN,61.17,14993224.0
EFXT,28.16,14983089.0
IART,14.11,14977872.0
JBIO,22.01,14943142.0
PCRX,22.44,14893167.0
REPX,37.71,14880052.0
LIFE,20.72,14865950.0
TGLS,39.47,14836695.0
EVTC,24.27,14832362.0
ALNT,60.93,14827833.0
OLMA,12.9,14774378.0
BUSE,26.2,14748054.0
NRIX,15.51,14722983.0
DLX,23.86,14675095.0
TTI,10.48,14650164.0
NWBI,13.66,14578578.0
KRP,15.47,14548569.0
QUIK,18.46,14524768.0
ROCK,35.55,14480230.0
WATT,23.76,14428655.0
EHAB,13.8,14422591.0
OCS,28.07,14380406.0
CDNA,20.59,14364546.0
ASTE,47.5,14360080.0
GLUE,18.01,14350102.0
SHO,10.4,14327207.0
DOLE,14.24,14326979.0
BJRI,42.64,14312862.0
INVA,21.8,14287611.0
CDRE,29.27,14280731.0
GRDN,35.82,14243518.0
GEF,62.87,14234868.0
CLFD,43.25,14227060.0
KRUS,51.07,14215904.0
MNRO,15.74,14142736.0
CBU,62.46,14129199.0
FLNG,32.39,14124233.0
NBTB,44.8,14083240.0
NBHC,41.45,14070721.0
ENLT,82.58,14047554.0
EE,35.97,14046958.0
LIND,19.16,14034322.0
OCFC,18.44,13989032.0
ARI,10.9,13965639.0
TSLX,17.8,13937862.0
PLOW,44.25,13933262.0
MRTN,15.92,13901410.0
PRK,167.69,13892630.0
SENEA,142.62,13867176.0
BELFA,234.49,13864277.0
LZB,34.55,13851316.0
DIN,29.8,13801749.0
VRTS,140.19,13767864.0
BANF,107.78,13760690.0
ASC,19.27,13635629.0
FDP,32.72,13597391.0
GRBK,63.46,13582892.0
AVO,12.29,13581284.0
GTY,32.94,13523470.0
CGEM,14.87,13501839.0
TREE,36.25,13458113.0
DFIN,39.26,13457589.0
TBBB,37.0,13417508.0
CCB,69.71,13392167.0
IVT,31.77,13381173.0
TFSL,15.41,13301771.0
FRME,39.58,13280828.0
EPAC,33.87,13256345.0
LTC,38.43,13248270.0
VOR,14.13,13245979.0
HPP,10.8,13177649.0
NBN,118.23,13174332.0
FBK,52.16,13122145.0
MLAB,101.27,13026767.0
LBTYK,11.88,13013768.0
RIGL,28.61,13012729.0
NPKI,15.11,12990279.0
STC,68.76,12984776.0
PNRG,272.59,12946795.0
OFG,44.67,12903487.0
DSGN,10.7,12890230.0
HTH,36.78,12873894.0
PMT,10.42,12866418.0
XHR,16.37,12826145.0
GIII,29.03,12788936.0
LYTS,23.51,12761111.0
VTOL,42.5,12760709.0
FCF,18.34,12740904.0
FBNC,58.67,12736172.0
GRRR,12.99,12720012.0
ACT,44.04,12710222.0
PHVS,28.81,12682430.0
AMPH,17.2,12674325.0
JANX,14.03,12666977.0
NPK,143.84,12665113.0
PRLB,72.24,12572313.0
MCHPP,78.97,12549556.0
BNAI,20.96,12493620.0
NWN,49.55,12487742.0
GSL,41.31,12473766.0
HRTG,23.99,12394098.0
GRC,71.8,12359172.0
DFH,12.85,12358267.0
PAX,11.15,12347347.0
IMXI,15.34,12318206.0
BBW,34.88,12262402.0
AVBP,27.04,12152710.0
RAPP,35.18,12100214.0
IMKTA,85.98,12097853.0
HZO,32.73,12027762.0
HOPE,12.12,11996140.0
UMH,15.19,11941314.0
IFS,44.95,11917299.0
HOV,96.66,11915961.0
DCOM,36.21,11904789.0
DAC,132.08,11855034.0
STBA,44.27,11797840.0
NTGR,25.05,11762449.0
TEN,42.91,11756878.0
NVEC,84.11,11748585.0
ARLP,25.4,11737585.0
BFC,143.66,11683260.0
SIBN,14.76,11652700.0
LKFN,57.87,11646288.0
OXM,38.67,11602510.0
TBRG,25.93,11551958.0
PDS,97.0,11540890.0
SCSC,42.97,11535187.0
QNST,11.38,11475740.0
CCRN,13.1,11462755.0
EYPT,11.7,11451741.0
AB,38.41,11428785.0
MCB,88.18,11409312.0
AIOS,14.49,11374381.0
CHCO,123.08,11359714.0
BCAX,19.29,11332806.0
LTBR,10.85,11267611.0
CODI,12.02,11249227.0
MLKN,14.67,11237067.0
FVRR,10.72,11057624.0
FWONA,82.75,11044966.0
TSAT,52.31,10963521.0
ETON,32.49,10957190.0
CSTL,19.32,10941322.0
UAN,126.4,10870459.0
INMD,14.1,10844531.0
JACK,10.78,10824800.0
ESQ,108.58,10805138.0
TRAX,17.79,10624614.0
OCSL,11.79,10561247.0
ALX,236.69,10539515.0
RYZ,24.62,10535840.0
CENTA,34.61,10517889.0
SYBT,70.6,10475523.0
AMWD,35.49,10395093.0
ZBIO,16.91,10362068.0
CNOB,29.25,10338180.0
TRUP,22.45,10322348.0
FRHC,145.26,10315826.0
PRAA,14.86,10310466.0
UHAL,49.3,10268005.0
INVX,30.3,10247243.0
IDR,36.67,10231433.0
XPEL,41.85,10207087.0
IRMD,88.5,10164273.0
MNPR,56.25,10140705.0
MSDL,14.87,10139573.0
PFBC,91.82,10074087.0
VIA,14.91,10052061.0
CRVL,59.11,10037804.0
ISSC,16.26,10012747.0
TRNS,77.71,10003797.0
MBUU,25.62,10000228.0
